Name,Mobile,Mail
Test1,9000000000,testermail1@gmail.com
Test2,9000000001,testermail2@gmail.com
Test3,9000000002,testermail3@gmail.com
Test4,9000000003,testermail4@gmail.com
Test5,9000000004,testermail5@gmail.com
Test6,9000000005,testermail6@gmail.com
Test7,9000000006,testermail7@gmail.com
Test8,9000000007,testermail8@gmail.com
Test9,9000000008,testermail9@gmail.com
Test10,9000000009,testermail10@gmail.com
Test11,9000000010,testermail11@gmail.com
Test12,9000000011,testermail12@gmail.com
Test13,9000000012,testermail13@gmail.com
Test14,9000000013,testermail14@gmail.com
Test15,9000000014,testermail15@gmail.com
Test16,9000000015,testermail16@gmail.com
Test17,9000000016,testermail17@gmail.com
Test18,9000000017,testermail18@gmail.com
Test19,9000000018,testermail19@gmail.com
Test20,9000000019,testermail20@gmail.com
Test21,9000000020,testermail21@gmail.com
Test22,9000000021,testermail22@gmail.com
Test23,9000000022,testermail23@gmail.com
Test24,9000000023,testermail24@gmail.com
Test25,9000000024,testermail25@gmail.com
Test26,9000000025,testermail26@gmail.com
Test27,9000000026,testermail27@gmail.com
Test28,9000000027,testermail28@gmail.com
Test29,9000000028,testermail29@gmail.com
Test30,9000000029,testermail30@gmail.com
Test31,9000000030,testermail31@gmail.com
Test32,9000000031,testermail32@gmail.com
Test33,9000000032,testermail33@gmail.com
Test34,9000000033,testermail34@gmail.com
Test35,9000000034,testermail35@gmail.com
Test36,9000000035,testermail36@gmail.com
Test37,9000000036,testermail37@gmail.com
Test38,9000000037,testermail38@gmail.com
Test39,9000000038,testermail39@gmail.com
Test40,9000000039,testermail40@gmail.com
Test41,9000000040,testermail41@gmail.com
Test42,9000000041,testermail42@gmail.com
Test43,9000000042,testermail43@gmail.com
Test44,9000000043,testermail44@gmail.com
Test45,9000000044,testermail45@gmail.com
Test46,9000000045,testermail46@gmail.com
Test47,9000000046,testermail47@gmail.com
Test48,9000000047,testermail48@gmail.com
Test49,9000000048,testermail49@gmail.com
Test50,9000000049,testermail50@gmail.com
Test51,9000000050,testermail51@gmail.com
Test52,9000000051,testermail52@gmail.com
Test53,9000000052,testermail53@gmail.com
Test54,9000000053,testermail54@gmail.com
Test55,9000000054,testermail55@gmail.com
Test56,9000000055,testermail56@gmail.com
Test57,9000000056,testermail57@gmail.com
Test58,9000000057,testermail58@gmail.com
Test59,9000000058,testermail59@gmail.com
Test60,9000000059,testermail60@gmail.com
Test61,9000000060,testermail61@gmail.com
Test62,9000000061,testermail62@gmail.com
Test63,9000000062,testermail63@gmail.com
Test64,9000000063,testermail64@gmail.com
Test65,9000000064,testermail65@gmail.com
Test66,9000000065,testermail66@gmail.com
Test67,9000000066,testermail67@gmail.com
Test68,9000000067,testermail68@gmail.com
Test69,9000000068,testermail69@gmail.com
Test70,9000000069,testermail70@gmail.com
Test71,9000000070,testermail71@gmail.com
Test72,9000000071,testermail72@gmail.com
Test73,9000000072,testermail73@gmail.com
Test74,9000000073,testermail74@gmail.com
Test75,9000000074,testermail75@gmail.com
Test76,9000000075,testermail76@gmail.com
Test77,9000000076,testermail77@gmail.com
Test78,9000000077,testermail78@gmail.com
Test79,9000000078,testermail79@gmail.com
Test80,9000000079,testermail80@gmail.com
Test81,9000000080,testermail81@gmail.com
Test82,9000000081,testermail82@gmail.com
Test83,9000000082,testermail83@gmail.com
Test84,9000000083,testermail84@gmail.com
Test85,9000000084,testermail85@gmail.com
Test86,9000000085,testermail86@gmail.com
Test87,9000000086,testermail87@gmail.com
Test88,9000000087,testermail88@gmail.com
Test89,9000000088,testermail89@gmail.com
Test90,9000000089,testermail90@gmail.com
Test91,9000000090,testermail91@gmail.com
Test92,9000000091,testermail92@gmail.com
Test93,9000000092,testermail93@gmail.com
Test94,9000000093,testermail94@gmail.com
Test95,9000000094,testermail95@gmail.com
Test96,9000000095,testermail96@gmail.com
Test97,9000000096,testermail97@gmail.com
Test98,9000000097,testermail98@gmail.com
Test99,9000000098,testermail99@gmail.com
Test100,9000000099,testermail100@gmail.com
Test101,9000000100,testermail101@gmail.com
Test102,9000000101,testermail102@gmail.com
Test103,9000000102,testermail103@gmail.com
Test104,9000000103,testermail104@gmail.com
Test105,9000000104,testermail105@gmail.com
Test106,9000000105,testermail106@gmail.com
Test107,9000000106,testermail107@gmail.com
Test108,9000000107,testermail108@gmail.com
Test109,9000000108,testermail109@gmail.com
Test110,9000000109,testermail110@gmail.com
Test111,9000000110,testermail111@gmail.com
Test112,9000000111,testermail112@gmail.com
Test113,9000000112,testermail113@gmail.com
Test114,9000000113,testermail114@gmail.com
Test115,9000000114,testermail115@gmail.com
Test116,9000000115,testermail116@gmail.com
Test117,9000000116,testermail117@gmail.com
Test118,9000000117,testermail118@gmail.com
Test119,9000000118,testermail119@gmail.com
Test120,9000000119,testermail120@gmail.com
Test121,9000000120,testermail121@gmail.com
Test122,9000000121,testermail122@gmail.com
Test123,9000000122,testermail123@gmail.com
Test124,9000000123,testermail124@gmail.com
Test125,9000000124,testermail125@gmail.com
Test126,9000000125,testermail126@gmail.com
Test127,9000000126,testermail127@gmail.com
Test128,9000000127,testermail128@gmail.com
Test129,9000000128,testermail129@gmail.com
Test130,9000000129,testermail130@gmail.com
Test131,9000000130,testermail131@gmail.com
Test132,9000000131,testermail132@gmail.com
Test133,9000000132,testermail133@gmail.com
Test134,9000000133,testermail134@gmail.com
Test135,9000000134,testermail135@gmail.com
Test136,9000000135,testermail136@gmail.com
Test137,9000000136,testermail137@gmail.com
Test138,9000000137,testermail138@gmail.com
Test139,9000000138,testermail139@gmail.com
Test140,9000000139,testermail140@gmail.com
Test141,9000000140,testermail141@gmail.com
Test142,9000000141,testermail142@gmail.com
Test143,9000000142,testermail143@gmail.com
Test144,9000000143,testermail144@gmail.com
Test145,9000000144,testermail145@gmail.com
Test146,9000000145,testermail146@gmail.com
Test147,9000000146,testermail147@gmail.com
Test148,9000000147,testermail148@gmail.com
Test149,9000000148,testermail149@gmail.com
Test150,9000000149,testermail150@gmail.com
Test151,9000000150,testermail151@gmail.com
Test152,9000000151,testermail152@gmail.com
Test153,9000000152,testermail153@gmail.com
Test154,9000000153,testermail154@gmail.com
Test155,9000000154,testermail155@gmail.com
Test156,9000000155,testermail156@gmail.com
Test157,9000000156,testermail157@gmail.com
Test158,9000000157,testermail158@gmail.com
Test159,9000000158,testermail159@gmail.com
Test160,9000000159,testermail160@gmail.com
Test161,9000000160,testermail161@gmail.com
Test162,9000000161,testermail162@gmail.com
Test163,9000000162,testermail163@gmail.com
Test164,9000000163,testermail164@gmail.com
Test165,9000000164,testermail165@gmail.com
Test166,9000000165,testermail166@gmail.com
Test167,9000000166,testermail167@gmail.com
Test168,9000000167,testermail168@gmail.com
Test169,9000000168,testermail169@gmail.com
Test170,9000000169,testermail170@gmail.com
Test171,9000000170,testermail171@gmail.com
Test172,9000000171,testermail172@gmail.com
Test173,9000000172,testermail173@gmail.com
Test174,9000000173,testermail174@gmail.com
Test175,9000000174,testermail175@gmail.com
Test176,9000000175,testermail176@gmail.com
Test177,9000000176,testermail177@gmail.com
Test178,9000000177,testermail178@gmail.com
Test179,9000000178,testermail179@gmail.com
Test180,9000000179,testermail180@gmail.com
Test181,9000000180,testermail181@gmail.com
Test182,9000000181,testermail182@gmail.com
Test183,9000000182,testermail183@gmail.com
Test184,9000000183,testermail184@gmail.com
Test185,9000000184,testermail185@gmail.com
Test186,9000000185,testermail186@gmail.com
Test187,9000000186,testermail187@gmail.com
Test188,9000000187,testermail188@gmail.com
Test189,9000000188,testermail189@gmail.com
Test190,9000000189,testermail190@gmail.com
Test191,9000000190,testermail191@gmail.com
Test192,9000000191,testermail192@gmail.com
Test193,9000000192,testermail193@gmail.com
Test194,9000000193,testermail194@gmail.com
Test195,9000000194,testermail195@gmail.com
Test196,9000000195,testermail196@gmail.com
Test197,9000000196,testermail197@gmail.com
Test198,9000000197,testermail198@gmail.com
Test199,9000000198,testermail199@gmail.com
Test200,9000000199,testermail200@gmail.com
Test201,9000000200,testermail201@gmail.com
Test202,9000000201,testermail202@gmail.com
Test203,9000000202,testermail203@gmail.com
Test204,9000000203,testermail204@gmail.com
Test205,9000000204,testermail205@gmail.com
Test206,9000000205,testermail206@gmail.com
Test207,9000000206,testermail207@gmail.com
Test208,9000000207,testermail208@gmail.com
Test209,9000000208,testermail209@gmail.com
Test210,9000000209,testermail210@gmail.com
Test211,9000000210,testermail211@gmail.com
Test212,9000000211,testermail212@gmail.com
Test213,9000000212,testermail213@gmail.com
Test214,9000000213,testermail214@gmail.com
Test215,9000000214,testermail215@gmail.com
Test216,9000000215,testermail216@gmail.com
Test217,9000000216,testermail217@gmail.com
Test218,9000000217,testermail218@gmail.com
Test219,9000000218,testermail219@gmail.com
Test220,9000000219,testermail220@gmail.com
Test221,9000000220,testermail221@gmail.com
Test222,9000000221,testermail222@gmail.com
Test223,9000000222,testermail223@gmail.com
Test224,9000000223,testermail224@gmail.com
Test225,9000000224,testermail225@gmail.com
Test226,9000000225,testermail226@gmail.com
Test227,9000000226,testermail227@gmail.com
Test228,9000000227,testermail228@gmail.com
Test229,9000000228,testermail229@gmail.com
Test230,9000000229,testermail230@gmail.com
Test231,9000000230,testermail231@gmail.com
Test232,9000000231,testermail232@gmail.com
Test233,9000000232,testermail233@gmail.com
Test234,9000000233,testermail234@gmail.com
Test235,9000000234,testermail235@gmail.com
Test236,9000000235,testermail236@gmail.com
Test237,9000000236,testermail237@gmail.com
Test238,9000000237,testermail238@gmail.com
Test239,9000000238,testermail239@gmail.com
Test240,9000000239,testermail240@gmail.com
Test241,9000000240,testermail241@gmail.com
Test242,9000000241,testermail242@gmail.com
Test243,9000000242,testermail243@gmail.com
Test244,9000000243,testermail244@gmail.com
Test245,9000000244,testermail245@gmail.com
Test246,9000000245,testermail246@gmail.com
Test247,9000000246,testermail247@gmail.com
Test248,9000000247,testermail248@gmail.com
Test249,9000000248,testermail249@gmail.com
Test250,9000000249,testermail250@gmail.com
Test251,9000000250,testermail251@gmail.com
Test252,9000000251,testermail252@gmail.com
Test253,9000000252,testermail253@gmail.com
Test254,9000000253,testermail254@gmail.com
Test255,9000000254,testermail255@gmail.com
Test256,9000000255,testermail256@gmail.com
Test257,9000000256,testermail257@gmail.com
Test258,9000000257,testermail258@gmail.com
Test259,9000000258,testermail259@gmail.com
Test260,9000000259,testermail260@gmail.com
Test261,9000000260,testermail261@gmail.com
Test262,9000000261,testermail262@gmail.com
Test263,9000000262,testermail263@gmail.com
Test264,9000000263,testermail264@gmail.com
Test265,9000000264,testermail265@gmail.com
Test266,9000000265,testermail266@gmail.com
Test267,9000000266,testermail267@gmail.com
Test268,9000000267,testermail268@gmail.com
Test269,9000000268,testermail269@gmail.com
Test270,9000000269,testermail270@gmail.com
Test271,9000000270,testermail271@gmail.com
Test272,9000000271,testermail272@gmail.com
Test273,9000000272,testermail273@gmail.com
Test274,9000000273,testermail274@gmail.com
Test275,9000000274,testermail275@gmail.com
Test276,9000000275,testermail276@gmail.com
Test277,9000000276,testermail277@gmail.com
Test278,9000000277,testermail278@gmail.com
Test279,9000000278,testermail279@gmail.com
Test280,9000000279,testermail280@gmail.com
Test281,9000000280,testermail281@gmail.com
Test282,9000000281,testermail282@gmail.com
Test283,9000000282,testermail283@gmail.com
Test284,9000000283,testermail284@gmail.com
Test285,9000000284,testermail285@gmail.com
Test286,9000000285,testermail286@gmail.com
Test287,9000000286,testermail287@gmail.com
Test288,9000000287,testermail288@gmail.com
Test289,9000000288,testermail289@gmail.com
Test290,9000000289,testermail290@gmail.com
Test291,9000000290,testermail291@gmail.com
Test292,9000000291,testermail292@gmail.com
Test293,9000000292,testermail293@gmail.com
Test294,9000000293,testermail294@gmail.com
Test295,9000000294,testermail295@gmail.com
Test296,9000000295,testermail296@gmail.com
Test297,9000000296,testermail297@gmail.com
Test298,9000000297,testermail298@gmail.com
Test299,9000000298,testermail299@gmail.com
Test300,9000000299,testermail300@gmail.com
Test301,9000000300,testermail301@gmail.com
Test302,9000000301,testermail302@gmail.com
Test303,9000000302,testermail303@gmail.com
Test304,9000000303,testermail304@gmail.com
Test305,9000000304,testermail305@gmail.com
Test306,9000000305,testermail306@gmail.com
Test307,9000000306,testermail307@gmail.com
Test308,9000000307,testermail308@gmail.com
Test309,9000000308,testermail309@gmail.com
Test310,9000000309,testermail310@gmail.com
Test311,9000000310,testermail311@gmail.com
Test312,9000000311,testermail312@gmail.com
Test313,9000000312,testermail313@gmail.com
Test314,9000000313,testermail314@gmail.com
Test315,9000000314,testermail315@gmail.com
Test316,9000000315,testermail316@gmail.com
Test317,9000000316,testermail317@gmail.com
Test318,9000000317,testermail318@gmail.com
Test319,9000000318,testermail319@gmail.com
Test320,9000000319,testermail320@gmail.com
Test321,9000000320,testermail321@gmail.com
Test322,9000000321,testermail322@gmail.com
Test323,9000000322,testermail323@gmail.com
Test324,9000000323,testermail324@gmail.com
Test325,9000000324,testermail325@gmail.com
Test326,9000000325,testermail326@gmail.com
Test327,9000000326,testermail327@gmail.com
Test328,9000000327,testermail328@gmail.com
Test329,9000000328,testermail329@gmail.com
Test330,9000000329,testermail330@gmail.com
Test331,9000000330,testermail331@gmail.com
Test332,9000000331,testermail332@gmail.com
Test333,9000000332,testermail333@gmail.com
Test334,9000000333,testermail334@gmail.com
Test335,9000000334,testermail335@gmail.com
Test336,9000000335,testermail336@gmail.com
Test337,9000000336,testermail337@gmail.com
Test338,9000000337,testermail338@gmail.com
Test339,9000000338,testermail339@gmail.com
Test340,9000000339,testermail340@gmail.com
Test341,9000000340,testermail341@gmail.com
Test342,9000000341,testermail342@gmail.com
Test343,9000000342,testermail343@gmail.com
Test344,9000000343,testermail344@gmail.com
Test345,9000000344,testermail345@gmail.com
Test346,9000000345,testermail346@gmail.com
Test347,9000000346,testermail347@gmail.com
Test348,9000000347,testermail348@gmail.com
Test349,9000000348,testermail349@gmail.com
Test350,9000000349,testermail350@gmail.com
Test351,9000000350,testermail351@gmail.com
Test352,9000000351,testermail352@gmail.com
Test353,9000000352,testermail353@gmail.com
Test354,9000000353,testermail354@gmail.com
Test355,9000000354,testermail355@gmail.com
Test356,9000000355,testermail356@gmail.com
Test357,9000000356,testermail357@gmail.com
Test358,9000000357,testermail358@gmail.com
Test359,9000000358,testermail359@gmail.com
Test360,9000000359,testermail360@gmail.com
Test361,9000000360,testermail361@gmail.com
Test362,9000000361,testermail362@gmail.com
Test363,9000000362,testermail363@gmail.com
Test364,9000000363,testermail364@gmail.com
Test365,9000000364,testermail365@gmail.com
Test366,9000000365,testermail366@gmail.com
Test367,9000000366,testermail367@gmail.com
Test368,9000000367,testermail368@gmail.com
Test369,9000000368,testermail369@gmail.com
Test370,9000000369,testermail370@gmail.com
Test371,9000000370,testermail371@gmail.com
Test372,9000000371,testermail372@gmail.com
Test373,9000000372,testermail373@gmail.com
Test374,9000000373,testermail374@gmail.com
Test375,9000000374,testermail375@gmail.com
Test376,9000000375,testermail376@gmail.com
Test377,9000000376,testermail377@gmail.com
Test378,9000000377,testermail378@gmail.com
Test379,9000000378,testermail379@gmail.com
Test380,9000000379,testermail380@gmail.com
Test381,9000000380,testermail381@gmail.com
Test382,9000000381,testermail382@gmail.com
Test383,9000000382,testermail383@gmail.com
Test384,9000000383,testermail384@gmail.com
Test385,9000000384,testermail385@gmail.com
Test386,9000000385,testermail386@gmail.com
Test387,9000000386,testermail387@gmail.com
Test388,9000000387,testermail388@gmail.com
Test389,9000000388,testermail389@gmail.com
Test390,9000000389,testermail390@gmail.com
Test391,9000000390,testermail391@gmail.com
Test392,9000000391,testermail392@gmail.com
Test393,9000000392,testermail393@gmail.com
Test394,9000000393,testermail394@gmail.com
Test395,9000000394,testermail395@gmail.com
Test396,9000000395,testermail396@gmail.com
Test397,9000000396,testermail397@gmail.com
Test398,9000000397,testermail398@gmail.com
Test399,9000000398,testermail399@gmail.com
Test400,9000000399,testermail400@gmail.com
Test401,9000000400,testermail401@gmail.com
Test402,9000000401,testermail402@gmail.com
Test403,9000000402,testermail403@gmail.com
Test404,9000000403,testermail404@gmail.com
Test405,9000000404,testermail405@gmail.com
Test406,9000000405,testermail406@gmail.com
Test407,9000000406,testermail407@gmail.com
Test408,9000000407,testermail408@gmail.com
Test409,9000000408,testermail409@gmail.com
Test410,9000000409,testermail410@gmail.com
Test411,9000000410,testermail411@gmail.com
Test412,9000000411,testermail412@gmail.com
Test413,9000000412,testermail413@gmail.com
Test414,9000000413,testermail414@gmail.com
Test415,9000000414,testermail415@gmail.com
Test416,9000000415,testermail416@gmail.com
Test417,9000000416,testermail417@gmail.com
Test418,9000000417,testermail418@gmail.com
Test419,9000000418,testermail419@gmail.com
Test420,9000000419,testermail420@gmail.com
Test421,9000000420,testermail421@gmail.com
Test422,9000000421,testermail422@gmail.com
Test423,9000000422,testermail423@gmail.com
Test424,9000000423,testermail424@gmail.com
Test425,9000000424,testermail425@gmail.com
Test426,9000000425,testermail426@gmail.com
Test427,9000000426,testermail427@gmail.com
Test428,9000000427,testermail428@gmail.com
Test429,9000000428,testermail429@gmail.com
Test430,9000000429,testermail430@gmail.com
Test431,9000000430,testermail431@gmail.com
Test432,9000000431,testermail432@gmail.com
Test433,9000000432,testermail433@gmail.com
Test434,9000000433,testermail434@gmail.com
Test435,9000000434,testermail435@gmail.com
Test436,9000000435,testermail436@gmail.com
Test437,9000000436,testermail437@gmail.com
Test438,9000000437,testermail438@gmail.com
Test439,9000000438,testermail439@gmail.com
Test440,9000000439,testermail440@gmail.com
Test441,9000000440,testermail441@gmail.com
Test442,9000000441,testermail442@gmail.com
Test443,9000000442,testermail443@gmail.com
Test444,9000000443,testermail444@gmail.com
Test445,9000000444,testermail445@gmail.com
Test446,9000000445,testermail446@gmail.com
Test447,9000000446,testermail447@gmail.com
Test448,9000000447,testermail448@gmail.com
Test449,9000000448,testermail449@gmail.com
Test450,9000000449,testermail450@gmail.com
Test451,9000000450,testermail451@gmail.com
Test452,9000000451,testermail452@gmail.com
Test453,9000000452,testermail453@gmail.com
Test454,9000000453,testermail454@gmail.com
Test455,9000000454,testermail455@gmail.com
Test456,9000000455,testermail456@gmail.com
Test457,9000000456,testermail457@gmail.com
Test458,9000000457,testermail458@gmail.com
Test459,9000000458,testermail459@gmail.com
Test460,9000000459,testermail460@gmail.com
Test461,9000000460,testermail461@gmail.com
Test462,9000000461,testermail462@gmail.com
Test463,9000000462,testermail463@gmail.com
Test464,9000000463,testermail464@gmail.com
Test465,9000000464,testermail465@gmail.com
Test466,9000000465,testermail466@gmail.com
Test467,9000000466,testermail467@gmail.com
Test468,9000000467,testermail468@gmail.com
Test469,9000000468,testermail469@gmail.com
Test470,9000000469,testermail470@gmail.com
Test471,9000000470,testermail471@gmail.com
Test472,9000000471,testermail472@gmail.com
Test473,9000000472,testermail473@gmail.com
Test474,9000000473,testermail474@gmail.com
Test475,9000000474,testermail475@gmail.com
Test476,9000000475,testermail476@gmail.com
Test477,9000000476,testermail477@gmail.com
Test478,9000000477,testermail478@gmail.com
Test479,9000000478,testermail479@gmail.com
Test480,9000000479,testermail480@gmail.com
Test481,9000000480,testermail481@gmail.com
Test482,9000000481,testermail482@gmail.com
Test483,9000000482,testermail483@gmail.com
Test484,9000000483,testermail484@gmail.com
Test485,9000000484,testermail485@gmail.com
Test486,9000000485,testermail486@gmail.com
Test487,9000000486,testermail487@gmail.com
Test488,9000000487,testermail488@gmail.com
Test489,9000000488,testermail489@gmail.com
Test490,9000000489,testermail490@gmail.com
Test491,9000000490,testermail491@gmail.com
Test492,9000000491,testermail492@gmail.com
Test493,9000000492,testermail493@gmail.com
Test494,9000000493,testermail494@gmail.com
Test495,9000000494,testermail495@gmail.com
Test496,9000000495,testermail496@gmail.com
Test497,9000000496,testermail497@gmail.com
Test498,9000000497,testermail498@gmail.com
Test499,9000000498,testermail499@gmail.com
Test500,9000000499,testermail500@gmail.com
Test501,9000000500,testermail501@gmail.com
Test502,9000000501,testermail502@gmail.com
Test503,9000000502,testermail503@gmail.com
Test504,9000000503,testermail504@gmail.com
Test505,9000000504,testermail505@gmail.com
Test506,9000000505,testermail506@gmail.com
Test507,9000000506,testermail507@gmail.com
Test508,9000000507,testermail508@gmail.com
Test509,9000000508,testermail509@gmail.com
Test510,9000000509,testermail510@gmail.com
Test511,9000000510,testermail511@gmail.com
Test512,9000000511,testermail512@gmail.com
Test513,9000000512,testermail513@gmail.com
Test514,9000000513,testermail514@gmail.com
Test515,9000000514,testermail515@gmail.com
Test516,9000000515,testermail516@gmail.com
Test517,9000000516,testermail517@gmail.com
Test518,9000000517,testermail518@gmail.com
Test519,9000000518,testermail519@gmail.com
Test520,9000000519,testermail520@gmail.com
Test521,9000000520,testermail521@gmail.com
Test522,9000000521,testermail522@gmail.com
Test523,9000000522,testermail523@gmail.com
Test524,9000000523,testermail524@gmail.com
Test525,9000000524,testermail525@gmail.com
Test526,9000000525,testermail526@gmail.com
Test527,9000000526,testermail527@gmail.com
Test528,9000000527,testermail528@gmail.com
Test529,9000000528,testermail529@gmail.com
Test530,9000000529,testermail530@gmail.com
Test531,9000000530,testermail531@gmail.com
Test532,9000000531,testermail532@gmail.com
Test533,9000000532,testermail533@gmail.com
Test534,9000000533,testermail534@gmail.com
Test535,9000000534,testermail535@gmail.com
Test536,9000000535,testermail536@gmail.com
Test537,9000000536,testermail537@gmail.com
Test538,9000000537,testermail538@gmail.com
Test539,9000000538,testermail539@gmail.com
Test540,9000000539,testermail540@gmail.com
Test541,9000000540,testermail541@gmail.com
Test542,9000000541,testermail542@gmail.com
Test543,9000000542,testermail543@gmail.com
Test544,9000000543,testermail544@gmail.com
Test545,9000000544,testermail545@gmail.com
Test546,9000000545,testermail546@gmail.com
Test547,9000000546,testermail547@gmail.com
Test548,9000000547,testermail548@gmail.com
Test549,9000000548,testermail549@gmail.com
Test550,9000000549,testermail550@gmail.com
Test551,9000000550,testermail551@gmail.com
Test552,9000000551,testermail552@gmail.com
Test553,9000000552,testermail553@gmail.com
Test554,9000000553,testermail554@gmail.com
Test555,9000000554,testermail555@gmail.com
Test556,9000000555,testermail556@gmail.com
Test557,9000000556,testermail557@gmail.com
Test558,9000000557,testermail558@gmail.com
Test559,9000000558,testermail559@gmail.com
Test560,9000000559,testermail560@gmail.com
Test561,9000000560,testermail561@gmail.com
Test562,9000000561,testermail562@gmail.com
Test563,9000000562,testermail563@gmail.com
Test564,9000000563,testermail564@gmail.com
Test565,9000000564,testermail565@gmail.com
Test566,9000000565,testermail566@gmail.com
Test567,9000000566,testermail567@gmail.com
Test568,9000000567,testermail568@gmail.com
Test569,9000000568,testermail569@gmail.com
Test570,9000000569,testermail570@gmail.com
Test571,9000000570,testermail571@gmail.com
Test572,9000000571,testermail572@gmail.com
Test573,9000000572,testermail573@gmail.com
Test574,9000000573,testermail574@gmail.com
Test575,9000000574,testermail575@gmail.com
Test576,9000000575,testermail576@gmail.com
Test577,9000000576,testermail577@gmail.com
Test578,9000000577,testermail578@gmail.com
Test579,9000000578,testermail579@gmail.com
Test580,9000000579,testermail580@gmail.com
Test581,9000000580,testermail581@gmail.com
Test582,9000000581,testermail582@gmail.com
Test583,9000000582,testermail583@gmail.com
Test584,9000000583,testermail584@gmail.com
Test585,9000000584,testermail585@gmail.com
Test586,9000000585,testermail586@gmail.com
Test587,9000000586,testermail587@gmail.com
Test588,9000000587,testermail588@gmail.com
Test589,9000000588,testermail589@gmail.com
Test590,9000000589,testermail590@gmail.com
Test591,9000000590,testermail591@gmail.com
Test592,9000000591,testermail592@gmail.com
Test593,9000000592,testermail593@gmail.com
Test594,9000000593,testermail594@gmail.com
Test595,9000000594,testermail595@gmail.com
Test596,9000000595,testermail596@gmail.com
Test597,9000000596,testermail597@gmail.com
Test598,9000000597,testermail598@gmail.com
Test599,9000000598,testermail599@gmail.com
Test600,9000000599,testermail600@gmail.com
Test601,9000000600,testermail601@gmail.com
Test602,9000000601,testermail602@gmail.com
Test603,9000000602,testermail603@gmail.com
Test604,9000000603,testermail604@gmail.com
Test605,9000000604,testermail605@gmail.com
Test606,9000000605,testermail606@gmail.com
Test607,9000000606,testermail607@gmail.com
Test608,9000000607,testermail608@gmail.com
Test609,9000000608,testermail609@gmail.com
Test610,9000000609,testermail610@gmail.com
Test611,9000000610,testermail611@gmail.com
Test612,9000000611,testermail612@gmail.com
Test613,9000000612,testermail613@gmail.com
Test614,9000000613,testermail614@gmail.com
Test615,9000000614,testermail615@gmail.com
Test616,9000000615,testermail616@gmail.com
Test617,9000000616,testermail617@gmail.com
Test618,9000000617,testermail618@gmail.com
Test619,9000000618,testermail619@gmail.com
Test620,9000000619,testermail620@gmail.com
Test621,9000000620,testermail621@gmail.com
Test622,9000000621,testermail622@gmail.com
Test623,9000000622,testermail623@gmail.com
Test624,9000000623,testermail624@gmail.com
Test625,9000000624,testermail625@gmail.com
Test626,9000000625,testermail626@gmail.com
Test627,9000000626,testermail627@gmail.com
Test628,9000000627,testermail628@gmail.com
Test629,9000000628,testermail629@gmail.com
Test630,9000000629,testermail630@gmail.com
Test631,9000000630,testermail631@gmail.com
Test632,9000000631,testermail632@gmail.com
Test633,9000000632,testermail633@gmail.com
Test634,9000000633,testermail634@gmail.com
Test635,9000000634,testermail635@gmail.com
Test636,9000000635,testermail636@gmail.com
Test637,9000000636,testermail637@gmail.com
Test638,9000000637,testermail638@gmail.com
Test639,9000000638,testermail639@gmail.com
Test640,9000000639,testermail640@gmail.com
Test641,9000000640,testermail641@gmail.com
Test642,9000000641,testermail642@gmail.com
Test643,9000000642,testermail643@gmail.com
Test644,9000000643,testermail644@gmail.com
Test645,9000000644,testermail645@gmail.com
Test646,9000000645,testermail646@gmail.com
Test647,9000000646,testermail647@gmail.com
Test648,9000000647,testermail648@gmail.com
Test649,9000000648,testermail649@gmail.com
Test650,9000000649,testermail650@gmail.com
Test651,9000000650,testermail651@gmail.com
Test652,9000000651,testermail652@gmail.com
Test653,9000000652,testermail653@gmail.com
Test654,9000000653,testermail654@gmail.com
Test655,9000000654,testermail655@gmail.com
Test656,9000000655,testermail656@gmail.com
Test657,9000000656,testermail657@gmail.com
Test658,9000000657,testermail658@gmail.com
Test659,9000000658,testermail659@gmail.com
Test660,9000000659,testermail660@gmail.com
Test661,9000000660,testermail661@gmail.com
Test662,9000000661,testermail662@gmail.com
Test663,9000000662,testermail663@gmail.com
Test664,9000000663,testermail664@gmail.com
Test665,9000000664,testermail665@gmail.com
Test666,9000000665,testermail666@gmail.com
Test667,9000000666,testermail667@gmail.com
Test668,9000000667,testermail668@gmail.com
Test669,9000000668,testermail669@gmail.com
Test670,9000000669,testermail670@gmail.com
Test671,9000000670,testermail671@gmail.com
Test672,9000000671,testermail672@gmail.com
Test673,9000000672,testermail673@gmail.com
Test674,9000000673,testermail674@gmail.com
Test675,9000000674,testermail675@gmail.com
Test676,9000000675,testermail676@gmail.com
Test677,9000000676,testermail677@gmail.com
Test678,9000000677,testermail678@gmail.com
Test679,9000000678,testermail679@gmail.com
Test680,9000000679,testermail680@gmail.com
Test681,9000000680,testermail681@gmail.com
Test682,9000000681,testermail682@gmail.com
Test683,9000000682,testermail683@gmail.com
Test684,9000000683,testermail684@gmail.com
Test685,9000000684,testermail685@gmail.com
Test686,9000000685,testermail686@gmail.com
Test687,9000000686,testermail687@gmail.com
Test688,9000000687,testermail688@gmail.com
Test689,9000000688,testermail689@gmail.com
Test690,9000000689,testermail690@gmail.com
Test691,9000000690,testermail691@gmail.com
Test692,9000000691,testermail692@gmail.com
Test693,9000000692,testermail693@gmail.com
Test694,9000000693,testermail694@gmail.com
Test695,9000000694,testermail695@gmail.com
Test696,9000000695,testermail696@gmail.com
Test697,9000000696,testermail697@gmail.com
Test698,9000000697,testermail698@gmail.com
Test699,9000000698,testermail699@gmail.com
Test700,9000000699,testermail700@gmail.com
Test701,9000000700,testermail701@gmail.com
Test702,9000000701,testermail702@gmail.com
Test703,9000000702,testermail703@gmail.com
Test704,9000000703,testermail704@gmail.com
Test705,9000000704,testermail705@gmail.com
Test706,9000000705,testermail706@gmail.com
Test707,9000000706,testermail707@gmail.com
Test708,9000000707,testermail708@gmail.com
Test709,9000000708,testermail709@gmail.com
Test710,9000000709,testermail710@gmail.com
Test711,9000000710,testermail711@gmail.com
Test712,9000000711,testermail712@gmail.com
Test713,9000000712,testermail713@gmail.com
Test714,9000000713,testermail714@gmail.com
Test715,9000000714,testermail715@gmail.com
Test716,9000000715,testermail716@gmail.com
Test717,9000000716,testermail717@gmail.com
Test718,9000000717,testermail718@gmail.com
Test719,9000000718,testermail719@gmail.com
Test720,9000000719,testermail720@gmail.com
Test721,9000000720,testermail721@gmail.com
Test722,9000000721,testermail722@gmail.com
Test723,9000000722,testermail723@gmail.com
Test724,9000000723,testermail724@gmail.com
Test725,9000000724,testermail725@gmail.com
Test726,9000000725,testermail726@gmail.com
Test727,9000000726,testermail727@gmail.com
Test728,9000000727,testermail728@gmail.com
Test729,9000000728,testermail729@gmail.com
Test730,9000000729,testermail730@gmail.com
Test731,9000000730,testermail731@gmail.com
Test732,9000000731,testermail732@gmail.com
Test733,9000000732,testermail733@gmail.com
Test734,9000000733,testermail734@gmail.com
Test735,9000000734,testermail735@gmail.com
Test736,9000000735,testermail736@gmail.com
Test737,9000000736,testermail737@gmail.com
Test738,9000000737,testermail738@gmail.com
Test739,9000000738,testermail739@gmail.com
Test740,9000000739,testermail740@gmail.com
Test741,9000000740,testermail741@gmail.com
Test742,9000000741,testermail742@gmail.com
Test743,9000000742,testermail743@gmail.com
Test744,9000000743,testermail744@gmail.com
Test745,9000000744,testermail745@gmail.com
Test746,9000000745,testermail746@gmail.com
Test747,9000000746,testermail747@gmail.com
Test748,9000000747,testermail748@gmail.com
Test749,9000000748,testermail749@gmail.com
Test750,9000000749,testermail750@gmail.com
Test751,9000000750,testermail751@gmail.com
Test752,9000000751,testermail752@gmail.com
Test753,9000000752,testermail753@gmail.com
Test754,9000000753,testermail754@gmail.com
Test755,9000000754,testermail755@gmail.com
Test756,9000000755,testermail756@gmail.com
Test757,9000000756,testermail757@gmail.com
Test758,9000000757,testermail758@gmail.com
Test759,9000000758,testermail759@gmail.com
Test760,9000000759,testermail760@gmail.com
Test761,9000000760,testermail761@gmail.com
Test762,9000000761,testermail762@gmail.com
Test763,9000000762,testermail763@gmail.com
Test764,9000000763,testermail764@gmail.com
Test765,9000000764,testermail765@gmail.com
Test766,9000000765,testermail766@gmail.com
Test767,9000000766,testermail767@gmail.com
Test768,9000000767,testermail768@gmail.com
Test769,9000000768,testermail769@gmail.com
Test770,9000000769,testermail770@gmail.com
Test771,9000000770,testermail771@gmail.com
Test772,9000000771,testermail772@gmail.com
Test773,9000000772,testermail773@gmail.com
Test774,9000000773,testermail774@gmail.com
Test775,9000000774,testermail775@gmail.com
Test776,9000000775,testermail776@gmail.com
Test777,9000000776,testermail777@gmail.com
Test778,9000000777,testermail778@gmail.com
Test779,9000000778,testermail779@gmail.com
Test780,9000000779,testermail780@gmail.com
Test781,9000000780,testermail781@gmail.com
Test782,9000000781,testermail782@gmail.com
Test783,9000000782,testermail783@gmail.com
Test784,9000000783,testermail784@gmail.com
Test785,9000000784,testermail785@gmail.com
Test786,9000000785,testermail786@gmail.com
Test787,9000000786,testermail787@gmail.com
Test788,9000000787,testermail788@gmail.com
Test789,9000000788,testermail789@gmail.com
Test790,9000000789,testermail790@gmail.com
Test791,9000000790,testermail791@gmail.com
Test792,9000000791,testermail792@gmail.com
Test793,9000000792,testermail793@gmail.com
Test794,9000000793,testermail794@gmail.com
Test795,9000000794,testermail795@gmail.com
Test796,9000000795,testermail796@gmail.com
Test797,9000000796,testermail797@gmail.com
Test798,9000000797,testermail798@gmail.com
Test799,9000000798,testermail799@gmail.com
Test800,9000000799,testermail800@gmail.com
Test801,9000000800,testermail801@gmail.com
Test802,9000000801,testermail802@gmail.com
Test803,9000000802,testermail803@gmail.com
Test804,9000000803,testermail804@gmail.com
Test805,9000000804,testermail805@gmail.com
Test806,9000000805,testermail806@gmail.com
Test807,9000000806,testermail807@gmail.com
Test808,9000000807,testermail808@gmail.com
Test809,9000000808,testermail809@gmail.com
Test810,9000000809,testermail810@gmail.com
Test811,9000000810,testermail811@gmail.com
Test812,9000000811,testermail812@gmail.com
Test813,9000000812,testermail813@gmail.com
Test814,9000000813,testermail814@gmail.com
Test815,9000000814,testermail815@gmail.com
Test816,9000000815,testermail816@gmail.com
Test817,9000000816,testermail817@gmail.com
Test818,9000000817,testermail818@gmail.com
Test819,9000000818,testermail819@gmail.com
Test820,9000000819,testermail820@gmail.com
Test821,9000000820,testermail821@gmail.com
Test822,9000000821,testermail822@gmail.com
Test823,9000000822,testermail823@gmail.com
Test824,9000000823,testermail824@gmail.com
Test825,9000000824,testermail825@gmail.com
Test826,9000000825,testermail826@gmail.com
Test827,9000000826,testermail827@gmail.com
Test828,9000000827,testermail828@gmail.com
Test829,9000000828,testermail829@gmail.com
Test830,9000000829,testermail830@gmail.com
Test831,9000000830,testermail831@gmail.com
Test832,9000000831,testermail832@gmail.com
Test833,9000000832,testermail833@gmail.com
Test834,9000000833,testermail834@gmail.com
Test835,9000000834,testermail835@gmail.com
Test836,9000000835,testermail836@gmail.com
Test837,9000000836,testermail837@gmail.com
Test838,9000000837,testermail838@gmail.com
Test839,9000000838,testermail839@gmail.com
Test840,9000000839,testermail840@gmail.com
Test841,9000000840,testermail841@gmail.com
Test842,9000000841,testermail842@gmail.com
Test843,9000000842,testermail843@gmail.com
Test844,9000000843,testermail844@gmail.com
Test845,9000000844,testermail845@gmail.com
Test846,9000000845,testermail846@gmail.com
Test847,9000000846,testermail847@gmail.com
Test848,9000000847,testermail848@gmail.com
Test849,9000000848,testermail849@gmail.com
Test850,9000000849,testermail850@gmail.com
Test851,9000000850,testermail851@gmail.com
Test852,9000000851,testermail852@gmail.com
Test853,9000000852,testermail853@gmail.com
Test854,9000000853,testermail854@gmail.com
Test855,9000000854,testermail855@gmail.com
Test856,9000000855,testermail856@gmail.com
Test857,9000000856,testermail857@gmail.com
Test858,9000000857,testermail858@gmail.com
Test859,9000000858,testermail859@gmail.com
Test860,9000000859,testermail860@gmail.com
Test861,9000000860,testermail861@gmail.com
Test862,9000000861,testermail862@gmail.com
Test863,9000000862,testermail863@gmail.com
Test864,9000000863,testermail864@gmail.com
Test865,9000000864,testermail865@gmail.com
Test866,9000000865,testermail866@gmail.com
Test867,9000000866,testermail867@gmail.com
Test868,9000000867,testermail868@gmail.com
Test869,9000000868,testermail869@gmail.com
Test870,9000000869,testermail870@gmail.com
Test871,9000000870,testermail871@gmail.com
Test872,9000000871,testermail872@gmail.com
Test873,9000000872,testermail873@gmail.com
Test874,9000000873,testermail874@gmail.com
Test875,9000000874,testermail875@gmail.com
Test876,9000000875,testermail876@gmail.com
Test877,9000000876,testermail877@gmail.com
Test878,9000000877,testermail878@gmail.com
Test879,9000000878,testermail879@gmail.com
Test880,9000000879,testermail880@gmail.com
Test881,9000000880,testermail881@gmail.com
Test882,9000000881,testermail882@gmail.com
Test883,9000000882,testermail883@gmail.com
Test884,9000000883,testermail884@gmail.com
Test885,9000000884,testermail885@gmail.com
Test886,9000000885,testermail886@gmail.com
Test887,9000000886,testermail887@gmail.com
Test888,9000000887,testermail888@gmail.com
Test889,9000000888,testermail889@gmail.com
Test890,9000000889,testermail890@gmail.com
Test891,9000000890,testermail891@gmail.com
Test892,9000000891,testermail892@gmail.com
Test893,9000000892,testermail893@gmail.com
Test894,9000000893,testermail894@gmail.com
Test895,9000000894,testermail895@gmail.com
Test896,9000000895,testermail896@gmail.com
Test897,9000000896,testermail897@gmail.com
Test898,9000000897,testermail898@gmail.com
Test899,9000000898,testermail899@gmail.com
Test900,9000000899,testermail900@gmail.com
Test901,9000000900,testermail901@gmail.com
Test902,9000000901,testermail902@gmail.com
Test903,9000000902,testermail903@gmail.com
Test904,9000000903,testermail904@gmail.com
Test905,9000000904,testermail905@gmail.com
Test906,9000000905,testermail906@gmail.com
Test907,9000000906,testermail907@gmail.com
Test908,9000000907,testermail908@gmail.com
Test909,9000000908,testermail909@gmail.com
Test910,9000000909,testermail910@gmail.com
Test911,9000000910,testermail911@gmail.com
Test912,9000000911,testermail912@gmail.com
Test913,9000000912,testermail913@gmail.com
Test914,9000000913,testermail914@gmail.com
Test915,9000000914,testermail915@gmail.com
Test916,9000000915,testermail916@gmail.com
Test917,9000000916,testermail917@gmail.com
Test918,9000000917,testermail918@gmail.com
Test919,9000000918,testermail919@gmail.com
Test920,9000000919,testermail920@gmail.com
Test921,9000000920,testermail921@gmail.com
Test922,9000000921,testermail922@gmail.com
Test923,9000000922,testermail923@gmail.com
Test924,9000000923,testermail924@gmail.com
Test925,9000000924,testermail925@gmail.com
Test926,9000000925,testermail926@gmail.com
Test927,9000000926,testermail927@gmail.com
Test928,9000000927,testermail928@gmail.com
Test929,9000000928,testermail929@gmail.com
Test930,9000000929,testermail930@gmail.com
Test931,9000000930,testermail931@gmail.com
Test932,9000000931,testermail932@gmail.com
Test933,9000000932,testermail933@gmail.com
Test934,9000000933,testermail934@gmail.com
Test935,9000000934,testermail935@gmail.com
Test936,9000000935,testermail936@gmail.com
Test937,9000000936,testermail937@gmail.com
Test938,9000000937,testermail938@gmail.com
Test939,9000000938,testermail939@gmail.com
Test940,9000000939,testermail940@gmail.com
Test941,9000000940,testermail941@gmail.com
Test942,9000000941,testermail942@gmail.com
Test943,9000000942,testermail943@gmail.com
Test944,9000000943,testermail944@gmail.com
Test945,9000000944,testermail945@gmail.com
Test946,9000000945,testermail946@gmail.com
Test947,9000000946,testermail947@gmail.com
Test948,9000000947,testermail948@gmail.com
Test949,9000000948,testermail949@gmail.com
Test950,9000000949,testermail950@gmail.com
Test951,9000000950,testermail951@gmail.com
Test952,9000000951,testermail952@gmail.com
Test953,9000000952,testermail953@gmail.com
Test954,9000000953,testermail954@gmail.com
Test955,9000000954,testermail955@gmail.com
Test956,9000000955,testermail956@gmail.com
Test957,9000000956,testermail957@gmail.com
Test958,9000000957,testermail958@gmail.com
Test959,9000000958,testermail959@gmail.com
Test960,9000000959,testermail960@gmail.com
Test961,9000000960,testermail961@gmail.com
Test962,9000000961,testermail962@gmail.com
Test963,9000000962,testermail963@gmail.com
Test964,9000000963,testermail964@gmail.com
Test965,9000000964,testermail965@gmail.com
Test966,9000000965,testermail966@gmail.com
Test967,9000000966,testermail967@gmail.com
Test968,9000000967,testermail968@gmail.com
Test969,9000000968,testermail969@gmail.com
Test970,9000000969,testermail970@gmail.com
Test971,9000000970,testermail971@gmail.com
Test972,9000000971,testermail972@gmail.com
Test973,9000000972,testermail973@gmail.com
Test974,9000000973,testermail974@gmail.com
Test975,9000000974,testermail975@gmail.com
Test976,9000000975,testermail976@gmail.com
Test977,9000000976,testermail977@gmail.com
Test978,9000000977,testermail978@gmail.com
Test979,9000000978,testermail979@gmail.com
Test980,9000000979,testermail980@gmail.com
Test981,9000000980,testermail981@gmail.com
Test982,9000000981,testermail982@gmail.com
Test983,9000000982,testermail983@gmail.com
Test984,9000000983,testermail984@gmail.com
Test985,9000000984,testermail985@gmail.com
Test986,9000000985,testermail986@gmail.com
Test987,9000000986,testermail987@gmail.com
Test988,9000000987,testermail988@gmail.com
Test989,9000000988,testermail989@gmail.com
Test990,9000000989,testermail990@gmail.com
Test991,9000000990,testermail991@gmail.com
Test992,9000000991,testermail992@gmail.com
Test993,9000000992,testermail993@gmail.com
Test994,9000000993,testermail994@gmail.com
Test995,9000000994,testermail995@gmail.com
Test996,9000000995,testermail996@gmail.com
Test997,9000000996,testermail997@gmail.com
Test998,9000000997,testermail998@gmail.com
Test999,9000000998,testermail999@gmail.com
Test1000,9000000999,testermail1000@gmail.com
Test1001,9000001000,testermail1001@gmail.com
Test1002,9000001001,testermail1002@gmail.com
Test1003,9000001002,testermail1003@gmail.com
Test1004,9000001003,testermail1004@gmail.com
Test1005,9000001004,testermail1005@gmail.com
Test1006,9000001005,testermail1006@gmail.com
Test1007,9000001006,testermail1007@gmail.com
Test1008,9000001007,testermail1008@gmail.com
Test1009,9000001008,testermail1009@gmail.com
Test1010,9000001009,testermail1010@gmail.com
Test1011,9000001010,testermail1011@gmail.com
Test1012,9000001011,testermail1012@gmail.com
Test1013,9000001012,testermail1013@gmail.com
Test1014,9000001013,testermail1014@gmail.com
Test1015,9000001014,testermail1015@gmail.com
Test1016,9000001015,testermail1016@gmail.com
Test1017,9000001016,testermail1017@gmail.com
Test1018,9000001017,testermail1018@gmail.com
Test1019,9000001018,testermail1019@gmail.com
Test1020,9000001019,testermail1020@gmail.com
Test1021,9000001020,testermail1021@gmail.com
Test1022,9000001021,testermail1022@gmail.com
Test1023,9000001022,testermail1023@gmail.com
Test1024,9000001023,testermail1024@gmail.com
Test1025,9000001024,testermail1025@gmail.com
Test1026,9000001025,testermail1026@gmail.com
Test1027,9000001026,testermail1027@gmail.com
Test1028,9000001027,testermail1028@gmail.com
Test1029,9000001028,testermail1029@gmail.com
Test1030,9000001029,testermail1030@gmail.com
Test1031,9000001030,testermail1031@gmail.com
Test1032,9000001031,testermail1032@gmail.com
Test1033,9000001032,testermail1033@gmail.com
Test1034,9000001033,testermail1034@gmail.com
Test1035,9000001034,testermail1035@gmail.com
Test1036,9000001035,testermail1036@gmail.com
Test1037,9000001036,testermail1037@gmail.com
Test1038,9000001037,testermail1038@gmail.com
Test1039,9000001038,testermail1039@gmail.com
Test1040,9000001039,testermail1040@gmail.com
Test1041,9000001040,testermail1041@gmail.com
Test1042,9000001041,testermail1042@gmail.com
Test1043,9000001042,testermail1043@gmail.com
Test1044,9000001043,testermail1044@gmail.com
Test1045,9000001044,testermail1045@gmail.com
Test1046,9000001045,testermail1046@gmail.com
Test1047,9000001046,testermail1047@gmail.com
Test1048,9000001047,testermail1048@gmail.com
Test1049,9000001048,testermail1049@gmail.com
Test1050,9000001049,testermail1050@gmail.com
Test1051,9000001050,testermail1051@gmail.com
Test1052,9000001051,testermail1052@gmail.com
Test1053,9000001052,testermail1053@gmail.com
Test1054,9000001053,testermail1054@gmail.com
Test1055,9000001054,testermail1055@gmail.com
Test1056,9000001055,testermail1056@gmail.com
Test1057,9000001056,testermail1057@gmail.com
Test1058,9000001057,testermail1058@gmail.com
Test1059,9000001058,testermail1059@gmail.com
Test1060,9000001059,testermail1060@gmail.com
Test1061,9000001060,testermail1061@gmail.com
Test1062,9000001061,testermail1062@gmail.com
Test1063,9000001062,testermail1063@gmail.com
Test1064,9000001063,testermail1064@gmail.com
Test1065,9000001064,testermail1065@gmail.com
Test1066,9000001065,testermail1066@gmail.com
Test1067,9000001066,testermail1067@gmail.com
Test1068,9000001067,testermail1068@gmail.com
Test1069,9000001068,testermail1069@gmail.com
Test1070,9000001069,testermail1070@gmail.com
Test1071,9000001070,testermail1071@gmail.com
Test1072,9000001071,testermail1072@gmail.com
Test1073,9000001072,testermail1073@gmail.com
Test1074,9000001073,testermail1074@gmail.com
Test1075,9000001074,testermail1075@gmail.com
Test1076,9000001075,testermail1076@gmail.com
Test1077,9000001076,testermail1077@gmail.com
Test1078,9000001077,testermail1078@gmail.com
Test1079,9000001078,testermail1079@gmail.com
Test1080,9000001079,testermail1080@gmail.com
Test1081,9000001080,testermail1081@gmail.com
Test1082,9000001081,testermail1082@gmail.com
Test1083,9000001082,testermail1083@gmail.com
Test1084,9000001083,testermail1084@gmail.com
Test1085,9000001084,testermail1085@gmail.com
Test1086,9000001085,testermail1086@gmail.com
Test1087,9000001086,testermail1087@gmail.com
Test1088,9000001087,testermail1088@gmail.com
Test1089,9000001088,testermail1089@gmail.com
Test1090,9000001089,testermail1090@gmail.com
Test1091,9000001090,testermail1091@gmail.com
Test1092,9000001091,testermail1092@gmail.com
Test1093,9000001092,testermail1093@gmail.com
Test1094,9000001093,testermail1094@gmail.com
Test1095,9000001094,testermail1095@gmail.com
Test1096,9000001095,testermail1096@gmail.com
Test1097,9000001096,testermail1097@gmail.com
Test1098,9000001097,testermail1098@gmail.com
Test1099,9000001098,testermail1099@gmail.com
Test1100,9000001099,testermail1100@gmail.com
Test1101,9000001100,testermail1101@gmail.com
Test1102,9000001101,testermail1102@gmail.com
Test1103,9000001102,testermail1103@gmail.com
Test1104,9000001103,testermail1104@gmail.com
Test1105,9000001104,testermail1105@gmail.com
Test1106,9000001105,testermail1106@gmail.com
Test1107,9000001106,testermail1107@gmail.com
Test1108,9000001107,testermail1108@gmail.com
Test1109,9000001108,testermail1109@gmail.com
Test1110,9000001109,testermail1110@gmail.com
Test1111,9000001110,testermail1111@gmail.com
Test1112,9000001111,testermail1112@gmail.com
Test1113,9000001112,testermail1113@gmail.com
Test1114,9000001113,testermail1114@gmail.com
Test1115,9000001114,testermail1115@gmail.com
Test1116,9000001115,testermail1116@gmail.com
Test1117,9000001116,testermail1117@gmail.com
Test1118,9000001117,testermail1118@gmail.com
Test1119,9000001118,testermail1119@gmail.com
Test1120,9000001119,testermail1120@gmail.com
Test1121,9000001120,testermail1121@gmail.com
Test1122,9000001121,testermail1122@gmail.com
Test1123,9000001122,testermail1123@gmail.com
Test1124,9000001123,testermail1124@gmail.com
Test1125,9000001124,testermail1125@gmail.com
Test1126,9000001125,testermail1126@gmail.com
Test1127,9000001126,testermail1127@gmail.com
Test1128,9000001127,testermail1128@gmail.com
